{
  "SketchHairSalon": {
    "n": 8,
    "means": {
      "psnr_bg": 46.0160418680114,
      "ssim_bg": 0.9004370793700218,
      "ssim_hair": 0.6058994419872761,
      "lpips_hair": 0.08664891123771667,
      "boundary_ssim": 0.9004370793700218,
      "boundary_lpips": 0.024480910855345428,
      "arcface_cos": 0.994114339351654,
      "edge_iou": 0.07862531561141681,
      "chamfer_dist": 5.841004690417042
    },
    "stds": {
      "psnr_bg": 1.2187656869887766,
      "ssim_bg": 0.03832218659756449,
      "ssim_hair": 0.1149453314856759,
      "lpips_hair": 0.03016994573826346,
      "boundary_ssim": 0.03832218659756449,
      "boundary_lpips": 0.008594592554732975,
      "arcface_cos": 0.0028670544443696335,
      "edge_iou": 0.011451698859697115,
      "chamfer_dist": 1.1416224537601376
    },
    "fid_hair": NaN,
    "fid_boundary": NaN,
    "per_image": [
      {
        "psnr_bg": 48.383823104739996,
        "ssim_bg": 0.9190400242805481,
        "ssim_hair": 0.6549006104469299,
        "lpips_hair": 0.07105692476034164,
        "boundary_ssim": 0.9190400242805481,
        "boundary_lpips": 0.018782533705234528,
        "arcface_cos": 0.998002827167511,
        "edge_iou": 0.07986707917946617,
        "chamfer_dist": 5.1758456709292044,
        "file": "braid_2548"
      },
      {
        "psnr_bg": 46.47833640376053,
        "ssim_bg": 0.8970931172370911,
        "ssim_hair": 0.7466561198234558,
        "lpips_hair": 0.09796912223100662,
        "boundary_ssim": 0.8970931172370911,
        "boundary_lpips": 0.008282036520540714,
        "arcface_cos": 0.9931649565696716,
        "edge_iou": 0.053054662379376324,
        "chamfer_dist": 7.287744657547573,
        "file": "braid_2562"
      },
      {
        "psnr_bg": 45.69980109322604,
        "ssim_bg": 0.9310716986656189,
        "ssim_hair": 0.6695504188537598,
        "lpips_hair": 0.06725850701332092,
        "boundary_ssim": 0.9310716986656189,
        "boundary_lpips": 0.026509717106819153,
        "arcface_cos": NaN,
        "edge_iou": 0.08448159024160325,
        "chamfer_dist": 7.262551516185911,
        "file": "braid_2574"
      },
      {
        "psnr_bg": 44.38993025420057,
        "ssim_bg": 0.8549379706382751,
        "ssim_hair": 0.428871750831604,
        "lpips_hair": 0.1090182363986969,
        "boundary_ssim": 0.8549379706382751,
        "boundary_lpips": 0.03299384564161301,
        "arcface_cos": NaN,
        "edge_iou": 0.07754877377525683,
        "chamfer_dist": 6.432456803828428,
        "file": "braid_2590"
      },
      {
        "psnr_bg": 44.487162952470214,
        "ssim_bg": 0.823591411113739,
        "ssim_hair": 0.4036017954349518,
        "lpips_hair": 0.15263330936431885,
        "boundary_ssim": 0.823591411113739,
        "boundary_lpips": 0.039019253104925156,
        "arcface_cos": NaN,
        "edge_iou": 0.08939119110734878,
        "chamfer_dist": 6.552169633285345,
        "file": "braid_2592"
      },
      {
        "psnr_bg": 45.48939910692176,
        "ssim_bg": 0.9442503452301025,
        "ssim_hair": 0.6150369048118591,
        "lpips_hair": 0.053739264607429504,
        "boundary_ssim": 0.9442503452301025,
        "boundary_lpips": 0.021920237690210342,
        "arcface_cos": NaN,
        "edge_iou": 0.08136587968509888,
        "chamfer_dist": 4.875431485908882,
        "file": "braid_2617"
      },
      {
        "psnr_bg": 46.704981970175666,
        "ssim_bg": 0.9203158020973206,
        "ssim_hair": 0.6758890151977539,
        "lpips_hair": 0.06397035717964172,
        "boundary_ssim": 0.9203158020973206,
        "boundary_lpips": 0.02499476820230484,
        "arcface_cos": 0.9911752343177795,
        "edge_iou": 0.09205350118006962,
        "chamfer_dist": 3.9167065844903615,
        "file": "braid_2625"
      },
      {
        "psnr_bg": 46.494900058596436,
        "ssim_bg": 0.9131962656974792,
        "ssim_hair": 0.6526889204978943,
        "lpips_hair": 0.07754556834697723,
        "boundary_ssim": 0.9131962656974792,
        "boundary_lpips": 0.023344894871115685,
        "arcface_cos": NaN,
        "edge_iou": 0.07123984734311455,
        "chamfer_dist": 5.225131171160627,
        "file": "braid_2652"
      }
    ]
  },
  "HairClipV2": {
    "n": 8,
    "means": {
      "psnr_bg": 24.057704658865546,
      "ssim_bg": 0.648324403911829,
      "ssim_hair": 0.3426083792001009,
      "lpips_hair": 0.0757369534112513,
      "boundary_ssim": 0.648324403911829,
      "boundary_lpips": 0.046707150526344776,
      "arcface_cos": 0.8098031282424927,
      "edge_iou": 0.055076388711752265,
      "chamfer_dist": 7.8546724165880155
    },
    "stds": {
      "psnr_bg": 3.154832960192025,
      "ssim_bg": 0.10419240930410031,
      "ssim_hair": 0.15681431695656928,
      "lpips_hair": 0.026106497763880028,
      "boundary_ssim": 0.10419240930410031,
      "boundary_lpips": 0.01805148025539204,
      "arcface_cos": 0.08689517882774989,
      "edge_iou": 0.010290889674640489,
      "chamfer_dist": 2.0392903775348117
    },
    "fid_hair": NaN,
    "fid_boundary": NaN,
    "per_image": [
      {
        "psnr_bg": 29.807480219006113,
        "ssim_bg": 0.7882580161094666,
        "ssim_hair": 0.4927856922149658,
        "lpips_hair": 0.05378158390522003,
        "boundary_ssim": 0.7882580161094666,
        "boundary_lpips": 0.025654099881649017,
        "arcface_cos": 0.8651231527328491,
        "edge_iou": 0.06791143423650378,
        "chamfer_dist": 6.438696478744291,
        "file": "braid_2548"
      },
      {
        "psnr_bg": 26.600205373332656,
        "ssim_bg": 0.6802687644958496,
        "ssim_hair": 0.6413046717643738,
        "lpips_hair": 0.07196278870105743,
        "boundary_ssim": 0.6802687644958496,
        "boundary_lpips": 0.024832215160131454,
        "arcface_cos": 0.8771743178367615,
        "edge_iou": 0.04617513839953929,
        "chamfer_dist": 8.677680404950802,
        "file": "braid_2562"
      },
      {
        "psnr_bg": 22.79714803856521,
        "ssim_bg": 0.6978910565376282,
        "ssim_hair": 0.3629838228225708,
        "lpips_hair": 0.06659280508756638,
        "boundary_ssim": 0.6978910565376282,
        "boundary_lpips": 0.048815786838531494,
        "arcface_cos": NaN,
        "edge_iou": 0.04920273348508154,
        "chamfer_dist": 11.304034194839659,
        "file": "braid_2574"
      },
      {
        "psnr_bg": 21.561005710159872,
        "ssim_bg": 0.6395385265350342,
        "ssim_hair": 0.10682260990142822,
        "lpips_hair": 0.11847101151943207,
        "boundary_ssim": 0.6395385265350342,
        "boundary_lpips": 0.06290817260742188,
        "arcface_cos": NaN,
        "edge_iou": 0.0450228631726521,
        "chamfer_dist": 9.031912798584237,
        "file": "braid_2590"
      },
      {
        "psnr_bg": 19.07598296409145,
        "ssim_bg": 0.4188552796840668,
        "ssim_hair": 0.2945941686630249,
        "lpips_hair": 0.11980003118515015,
        "boundary_ssim": 0.4188552796840668,
        "boundary_lpips": 0.07967940717935562,
        "arcface_cos": NaN,
        "edge_iou": 0.04138271604934184,
        "chamfer_dist": 9.90978383076508,
        "file": "braid_2592"
      },
      {
        "psnr_bg": 24.163230379038506,
        "ssim_bg": 0.6433302760124207,
        "ssim_hair": 0.1955782026052475,
        "lpips_hair": 0.058335624635219574,
        "boundary_ssim": 0.6433302760124207,
        "boundary_lpips": 0.05297867953777313,
        "arcface_cos": NaN,
        "edge_iou": 0.06934812760041738,
        "chamfer_dist": 5.267051623733597,
        "file": "braid_2617"
      },
      {
        "psnr_bg": 26.150549240461043,
        "ssim_bg": 0.7326903343200684,
        "ssim_hair": 0.3696688413619995,
        "lpips_hair": 0.048325855284929276,
        "boundary_ssim": 0.7326903343200684,
        "boundary_lpips": 0.029783736914396286,
        "arcface_cos": 0.6871119141578674,
        "edge_iou": 0.0584048183974112,
        "chamfer_dist": 6.461264388932047,